<?xml version="1.0" encoding="UTF-8"?>
<gen_map>
	<init id="init">
		<numLevelsOutside>12</numLevelsOutside>
		<numLevelsUnderground>20</numLevelsUnderground>
		<mainTerrain>sand,sand,dirt,dungeon3,stone</mainTerrain>
		<numCitizens>11</numCitizens>
		<startingLevel>11</startingLevel>
	</init>

	<!-- 80 stone seeds -->
	<seed id="seedstone">
		<type>stone</type>
		<num>120</num>
		<turns>50</turns>
		<level>1d3+15</level>

		<northPCT>6</northPCT>
		<southPCT>6</southPCT>
		<eastPCT>6</eastPCT>
		<westPCT>6</westPCT>
		<upPCT>4</upPCT>
		<downPCT>5</downPCT>
	</seed>

	<!-- 8 dense stone seeds -->
	<seed id="seeddensestone">
		<type>densestone</type>
		<num>12</num>
		<level>1d7+23</level>
		<turns>20</turns>

		<northPCT>6</northPCT>
		<southPCT>6</southPCT>
		<eastPCT>6</eastPCT>
		<westPCT>6</westPCT>
		<upPCT>1</upPCT>
		<downPCT>5</downPCT>
	</seed>
	<!-- 8 coal seeds -->
	<seed id="seedcoal">
		<type>coal</type>
		<num>12</num>
		<level>1d7+18</level>
		<turns>50</turns>

		<northPCT>6</northPCT>
		<southPCT>6</southPCT>
		<eastPCT>6</eastPCT>
		<westPCT>6</westPCT>
		<upPCT>4</upPCT>
		<downPCT>5</downPCT>
	</seed>

	<!-- 8 iron seeds -->
	<seed id="seediron">
		<type>iron</type>
		<num>12</num>
		<level>1d9+19</level>
		<turns>50</turns>

		<northPCT>6</northPCT>
		<southPCT>6</southPCT>
		<eastPCT>6</eastPCT>
		<westPCT>6</westPCT>
		<upPCT>4</upPCT>
		<downPCT>5</downPCT>
	</seed>

	<!-- 8 copper seeds -->
	<seed id="seedcopper">
		<type>copper</type>
		<num>12</num>
		<level>1d9+19</level>
		<turns>50</turns>

		<northPCT>6</northPCT>
		<southPCT>6</southPCT>
		<eastPCT>6</eastPCT>
		<westPCT>6</westPCT>
		<upPCT>4</upPCT>
		<downPCT>5</downPCT>
	</seed>

	<!-- 3 gold seeds , very rare -->
	<seed id="seedgold">
		<type>gold</type>
		<num>5</num>
		<level>1d6+22</level>
		<turns>20</turns>

		<northPCT>6</northPCT>
		<southPCT>6</southPCT>
		<eastPCT>6</eastPCT>
		<westPCT>6</westPCT>
		<upPCT>2</upPCT>
		<downPCT>5</downPCT>
	</seed>

	<!-- 4 silver seeds, pretty rare -->
	<seed id="seedsilver">
		<type>silver</type>
		<num>6</num>
		<level>1d6+22</level>
		<turns>30</turns>

		<northPCT>6</northPCT>
		<southPCT>6</southPCT>
		<eastPCT>6</eastPCT>
		<westPCT>6</westPCT>
		<upPCT>2</upPCT>
		<downPCT>5</downPCT>
	</seed>


	<!-- 7 gravel seeds -->
	<seed id="seedgravel">
		<type>gravel</type>
		<num>10</num>
		<level>1d7+16</level>
		<turns>40</turns>

		<northPCT>6</northPCT>
		<southPCT>6</southPCT>
		<eastPCT>6</eastPCT>
		<westPCT>6</westPCT>
		<upPCT>5</upPCT>
		<downPCT>3</downPCT>
	</seed>

	<!-- lake -->
	<seed id="seedwater">
		<!-- At the moment _WATER_ and _LAVA_ are special types, hardcoded in-game, NOT in terrain.xml -->
		<type>_WATER_</type>
		<num>1</num>
		<level>12</level>
		<turns>300</turns>

		<northPCT>6</northPCT>
		<southPCT>6</southPCT>
		<eastPCT>6</eastPCT>
		<westPCT>6</westPCT>
		<downPCT>5</downPCT>
	</seed>

	<!-- river -->
	<bezier id="bezierwater">
		<!-- At the moment _WATER_ and _LAVA_ are special types, hardcoded in-game, NOT in terrain.xml -->
		<type>_WATER_INF_</type>
		<level>12</level>
		<depth>2</depth>
		<wide>1d5+4</wide>

		<!-- First Bezier point -->
		<point1_x_min>0</point1_x_min>
		<point1_x_max>200</point1_x_max>
		<point1_y_min>-200</point1_y_min>
		<point1_y_max>-100</point1_y_max>

		<!-- Second Bezier point -->
		<point2_x_min>0</point2_x_min>
		<point2_x_max>200</point2_x_max>
		<point2_y_min>300</point2_y_min>
		<point2_y_max>400</point2_y_max>

		<!-- First Bezier control point -->
		<controlpoint1_x_min>-200</controlpoint1_x_min>
		<controlpoint1_x_max>0</controlpoint1_x_max>
		<controlpoint1_y_min>200</controlpoint1_y_min>
		<controlpoint1_y_max>200</controlpoint1_y_max>

		<!-- Second Bezier control point -->
		<controlpoint2_x_min>200</controlpoint2_x_min>
		<controlpoint2_x_max>400</controlpoint2_x_max>
		<controlpoint2_y_min>0</controlpoint2_y_min>
		<controlpoint2_y_max>0</controlpoint2_y_max>
	</bezier>


	<!-- mountain seeds -->
	<heightSeed id="heightseed1">>
		<num>5</num>
		<turns>25</turns>
		<flatsBetweenLevels>1</flatsBetweenLevels>

		<northPCT>45</northPCT>
		<southPCT>45</southPCT>
		<eastPCT>45</eastPCT>
		<westPCT>45</westPCT>
	</heightSeed>
	<heightSeed id="heightseed2">>
		<num>5</num>
		<turns>25</turns>
		<flatsBetweenLevels>2</flatsBetweenLevels>

		<northPCT>45</northPCT>
		<southPCT>45</southPCT>
		<eastPCT>45</eastPCT>
		<westPCT>45</westPCT>
	</heightSeed>
	<heightSeed id="heightseed3">>
		<num>2</num>
		<turns>25</turns>
		<flatsBetweenLevels>3</flatsBetweenLevels>

		<northPCT>45</northPCT>
		<southPCT>45</southPCT>
		<eastPCT>45</eastPCT>
		<westPCT>45</westPCT>
	</heightSeed>

	<!-- Change some sand tiles into grass tiles if water around -->
	<change id="changegrass1">
		<source>sand</source>
		<destination>grass</destination>
		<terrain>_WATER_INF_</terrain>
		<PCT>100</PCT>
		<radius>1</radius>
	</change>
	<change id="changegrass2">
		<source>sand</source>
		<destination>grass</destination>
		<terrain>_WATER_</terrain>
		<PCT>100</PCT>
		<radius>1</radius>
	</change>
	<change id="changegrass3">
		<source>sand</source>
		<destination>grass</destination>
		<terrain>_WATER_INF_</terrain>
		<PCT>70</PCT>
		<radius>2</radius>
	</change>
	<change id="changegrass4">
		<source>sand</source>
		<destination>grass</destination>
		<terrain>_WATER_</terrain>
		<PCT>70</PCT>
		<radius>2</radius>
	</change>
</gen_map>
