<?xml version="1.0" encoding="UTF-8"?>
<gen_items>
	<add id="palmtree">
		<item>palmtree</item>
		<qtty>600</qtty>
		<pointx>1d200-1</pointx>
		<pointy>1d200-1</pointy>
		<level>1d11</level>
	</add>

	<add id="tree">
		<item>tree</item>
		<qtty>75</qtty>
		<pointx>1d200-1</pointx>
		<pointy>1d200-1</pointy>
		<level>1d11</level>
	</add>

	<add id="bush">
		<item>bush</item>
		<qtty>25</qtty>
		<pointx>1d200-1</pointx>
		<pointy>1d200-1</pointy>
		<level>1d11</level>
	</add>

	<add id="bushpalmtree">
		<item>bushpalmtree</item>
		<qtty>75</qtty>
		<pointx>1d200-1</pointx>
		<pointy>1d200-1</pointy>
		<level>1d11</level>
	</add>

	<add id="cactus">
		<item>cactus</item>
		<qtty>150</qtty>
		<pointx>1d200-1</pointx>
		<pointy>1d200-1</pointy>
		<level>1d11</level>
	</add>
</gen_items>
