<?xml version="1.0" encoding="UTF-8"?>
<gen_livingentities>
	<add id="wildchicken">
		<entity>wildchicken</entity>
		<qtty>70</qtty>
		<pointx>1d200-1</pointx>
		<pointy>1d200-1</pointy>
		<level>1d11</level>
	</add>
	<add id="wildunifallow">
		<entity>wildunifallow</entity>
		<qtty>70</qtty>
		<pointx>1d200-1</pointx>
		<pointy>1d200-1</pointy>
		<level>1d11</level>
	</add>

	<add id="blacksnakecrab">
		<entity>blacksnakecrab</entity>
		<qtty>15</qtty>
		<pointx>1d200-1</pointx>
		<pointy>1d200-1</pointy>
		<level>1d11</level>
	</add>

	<add id="yellowsnakecrab">
		<entity>yellowsnakecrab</entity>
		<qtty>5</qtty>
		<pointx>1d200-1</pointx>
		<pointy>1d200-1</pointy>
		<level>1d11</level>
	</add>
</gen_livingentities>
