<?xml version="1.0" encoding="UTF-8"?>
<gen_items>
 	<add id="palmtree">
		<item>palmtree</item>
		<qtty>100</qtty>
		<pointx>1d200-1</pointx>
		<pointy>1d200-1</pointy>
		<level>1d11+4</level>
	</add>
	<add id="tree">
		<item>tree</item>
		<qtty>400</qtty>
		<pointx>1d200-1</pointx>
		<pointy>1d200-1</pointy>
		<level>1d11+4</level>
	</add>

	<add id="snowtree">
		<item>snowtree</item>
		<qtty>300</qtty>
		<pointx>1d200-1</pointx>
		<pointy>1d200-1</pointy>
		<level>1d11-1</level>
	</add>

	<add id="snowcherrytree">
		<item>snowcherrytree</item>
		<qtty>20</qtty>
		<pointx>1d200-1</pointx>
		<pointy>1d200-1</pointy>
		<level>1d11-1</level>
	</add>

	<add id="snowbush">
		<item>snowbush</item>
		<qtty>25</qtty>
		<pointx>1d200-1</pointx>
		<pointy>1d200-1</pointy>
		<level>1d11-1</level>
	</add>

	<add id="bushsnowcherry">
		<item>bushsnowcherry</item>
		<qtty>15</qtty>
		<pointx>1d200-1</pointx>
		<pointy>1d200-1</pointy>
		<level>1d11-1</level>
	</add>

	<add id="cavemushroom">
		<item>cavemushroom</item>
		<qtty>15</qtty>
		<pointx>1d200-1</pointx>
		<pointy>1d200-1</pointy>
		<level>1d11-1</level>
	</add>

	<add id="treekeepersleep">
		<item>treekeepersleep</item>
		<qtty>1d5+5</qtty>
		<pointx>1d200-1</pointx>
		<pointy>1d200-1</pointy>
		<level>1d11+4</level>
	</add>
	<add id="treekeepersleep2">
		<item>treekeepersleep2</item>
		<qtty>1d5+5</qtty>
		<pointx>1d200-1</pointx>
		<pointy>1d200-1</pointy>
		<level>1d11+4</level>
	</add>
	<add id="tree2">
		<item>tree2</item>
		<qtty>400</qtty>
		<pointx>1d200-1</pointx>
		<pointy>1d200-1</pointy>
		<level>1d11+4</level>
	</add>
	<add id="peartree">
		<item>peartree</item>
		<qtty>60</qtty>
		<pointx>1d200-1</pointx>
		<pointy>1d200-1</pointy>
		<level>1d11+4</level>
	</add>
	<add id="appletree">
		<item>appletree</item>
		<qtty>60</qtty>
		<pointx>1d200-1</pointx>
		<pointy>1d200-1</pointy>
		<level>1d11+4</level>
	</add>
	<add id="jungletree">
		<item>jungletree</item>
		<qtty>30</qtty>
		<pointx>1d200-1</pointx>
		<pointy>1d200-1</pointy>
		<level>1d11+4</level>
	</add>
	<add id="bananatree">
		<item>bananatree</item>
		<qtty>10</qtty>
		<pointx>1d200-1</pointx>
		<pointy>1d200-1</pointy>
		<level>1d11+4</level>
	</add>
	<add id="blueradishplant">
		<item>blueradishplant</item>
		<qtty>10</qtty>
		<pointx>1d200-1</pointx>
		<pointy>1d200-1</pointy>
		<level>1d11+4</level>
	</add>
	<add id="bush">
		<item>bush</item>
		<qtty>70</qtty>
		<pointx>1d200-1</pointx>
		<pointy>1d200-1</pointy>
		<level>1d11+4</level>
	</add>
	<add id="bush2">
		<item>bush2</item>
		<qtty>70</qtty>
		<pointx>1d200-1</pointx>
		<pointy>1d200-1</pointy>
		<level>1d11+4</level>
	</add>

	<add id="bush3">
		<item>bush3</item>
		<qtty>140</qtty>
		<pointx>1d200-1</pointx>
		<pointy>1d200-1</pointy>
		<level>1d11+4</level>
	</add>

	<add id="junglebush">
		<item>junglebush</item>
		<qtty>20</qtty>
		<pointx>1d200-1</pointx>
		<pointy>1d200-1</pointy>
		<level>1d11+4</level>
	</add>
	<add id="bushbanana">
		<item>bushbanana</item>
		<qtty>10</qtty>
		<pointx>1d200-1</pointx>
		<pointy>1d200-1</pointy>
		<level>1d11+4</level>
	</add>
	<add id="sproutblueradish">
		<item>sproutblueradish</item>
		<qtty>10</qtty>
		<pointx>1d200-1</pointx>
		<pointy>1d200-1</pointy>
		<level>1d11+4</level>
	</add>
	<add id="bushapple">
		<item>bushapple</item>
		<qtty>25</qtty>
		<pointx>1d200-1</pointx>
		<pointy>1d200-1</pointy>
		<level>1d11+4</level>
	</add>
	<add id="bushpear">
		<item>bushpear</item>
		<qtty>25</qtty>
		<pointx>1d200-1</pointx>
		<pointy>1d200-1</pointy>
		<level>1d11+4</level>
	</add>
	<add id="mushroom">
		<item>mushroom</item>
		<qtty>8</qtty>
		<pointx>1d200-1</pointx>
		<pointy>1d200-1</pointy>
		<level>1d11+4</level>
	</add>

	<add id="redflower">
		<item>redflower</item>
		<qtty>55</qtty>
		<pointx>1d200-1</pointx>
		<pointy>1d200-1</pointy>
		<level>1d11+4</level>
	</add>

	<add id="blueflower">
		<item>blueflower</item>
		<qtty>55</qtty>
		<pointx>1d200-1</pointx>
		<pointy>1d200-1</pointy>
		<level>1d11+4</level>
	</add>

	<add id="yellowflower">
		<item>yellowflower</item>
		<qtty>55</qtty>
		<pointx>1d200-1</pointx>
		<pointy>1d200-1</pointy>
		<level>1d11+4</level>
	</add>

	<add id="wildwheat">
		<item>wildwheat</item>
		<qtty>55</qtty>
		<pointx>1d200-1</pointx>
		<pointy>1d200-1</pointy>
		<level>1d11+4</level>
	</add>

	<add id="wildsugarcane">
		<item>wildsugarcane</item>
		<qtty>55</qtty>
		<pointx>1d200-1</pointx>
		<pointy>1d200-1</pointy>
		<level>1d11+4</level>
	</add>

	<add id="wildbamboo">
		<item>wildbamboo</item>
		<qtty>55</qtty>
		<pointx>1d200-1</pointx>
		<pointy>1d200-1</pointy>
		<level>1d11+4</level>
	</add>

	<add id="planttrap">
		<item>planttrap</item>
		<qtty>25</qtty>
		<pointx>1d200-1</pointx>
		<pointy>1d200-1</pointy>
		<level>1d11+4</level>
	</add>

</gen_items>
