<?xml version="1.0" encoding="UTF-8"?>
<gen_livingentities>
	<add id="wildcow">
		<entity>wildcow</entity>
		<qtty>35</qtty>
		<pointx>1d200-1</pointx>
		<pointy>1d200-1</pointy>
		<level>0</level>
	</add>

	<add id="wildsheep">
		<entity>wildsheep</entity>
		<qtty>35</qtty>
		<pointx>1d200-1</pointx>
		<pointy>1d200-1</pointy>
		<level>0</level>
	</add>

	<add id="bull">
		<entity>bull</entity>
		<qtty>15</qtty>
		<pointx>1d200-1</pointx>
		<pointy>1d200-1</pointy>
		<level>0</level>
	</add>

	<add id="wildpig">
		<entity>wildpig</entity>
		<qtty>25</qtty>
		<pointx>1d200-1</pointx>
		<pointy>1d200-1</pointy>
		<level>0</level>
	</add>
	<add id="boar">
		<entity>boar</entity>
		<qtty>25</qtty>
		<pointx>1d200-1</pointx>
		<pointy>1d200-1</pointy>
		<level>0</level>
	</add>

	<add id="wildskootenbeeten">
		<entity>wildskootenbeeten</entity>
		<qtty>10</qtty>
		<pointx>1d200-1</pointx>
		<pointy>1d200-1</pointy>
		<level>0</level>
	</add>

	<add id="bird">
		<entity>bird</entity>
		<qtty>50</qtty>
		<pointx>1d200-1</pointx>
		<pointy>1d200-1</pointy>
		<level>0</level>
	</add>
	<add id="werepig">
		<entity>werepig</entity>
		<qtty>1d2</qtty>
		<pointx>1d200-1</pointx>
		<pointy>1d200-1</pointy>
		<level>0</level>
	</add>

	<add id="wildbadger">
		<entity>wildbadger</entity>
		<qtty>50</qtty>
		<pointx>1d200-1</pointx>
		<pointy>1d200-1</pointy>
		<level>0</level>
	</add>

	<add id="wildchicken">
		<entity>wildchicken</entity>
		<qtty>50</qtty>
		<pointx>1d200-1</pointx>
		<pointy>1d200-1</pointy>
		<level>0</level>
	</add>

	<add id="rooster">
		<entity>rooster</entity>
		<qtty>20</qtty>
		<pointx>1d200-1</pointx>
		<pointy>1d200-1</pointy>
		<level>0</level>
	</add>


	<add id="froggy">
		<entity>froggy</entity>
		<qtty>15</qtty>
		<pointx>1d200-1</pointx>
		<pointy>1d200-1</pointy>
		<level>0</level>
	</add>

	<add id="toady">
		<entity>toady</entity>
		<qtty>1</qtty>
		<pointx>1d200-1</pointx>
		<pointy>1d200-1</pointy>
		<level>0</level>
	</add>
</gen_livingentities>
