<?xml version="1.0" encoding="UTF-8"?>
<gen_items>
	<add id="palmtree">
		<item>palmtree</item>
		<qtty>25</qtty>
		<pointx>1d200-1</pointx>
		<pointy>1d200-1</pointy>
		<level>1d11</level>
	</add>
	<add id="tree">
		<item>tree</item>
		<qtty>10</qtty>
		<pointx>1d200-1</pointx>
		<pointy>1d200-1</pointy>
		<level>1d11</level>
	</add>
	<add id="tree2">
		<item>tree2</item>
		<qtty>10</qtty>
		<pointx>1d200-1</pointx>
		<pointy>1d200-1</pointy>
		<level>1d11</level>
	</add>
	<add id="peartree">
		<item>peartree</item>
		<qtty>15</qtty>
		<pointx>1d200-1</pointx>
		<pointy>1d200-1</pointy>
		<level>1d11</level>
	</add>
	<add id="appletree">
		<item>appletree</item>
		<qtty>15</qtty>
		<pointx>1d200-1</pointx>
		<pointy>1d200-1</pointy>
		<level>1d11</level>
	</add>

	<add id="bananatree">
		<item>bananatree</item>
		<qtty>60</qtty>
		<pointx>1d200-1</pointx>
		<pointy>1d200-1</pointy>
		<level>1d11</level>
	</add>

	<add id="blueradishplant">
		<item>blueradishplant</item>
		<qtty>60</qtty>
		<pointx>1d200-1</pointx>
		<pointy>1d200-1</pointy>
		<level>1d11</level>
	</add>
	<add id="jungletree">
		<item>jungletree</item>
		<qtty>350</qtty>
		<pointx>1d200-1</pointx>
		<pointy>1d200-1</pointy>
		<level>1d11</level>
	</add>

	<add id="snowtree">
		<item>snowtree</item>
		<qtty>50</qtty>
		<pointx>1d200-1</pointx>
		<pointy>1d200-1</pointy>
		<level>1d11</level>
	</add>

	<add id="bush">
		<item>bush</item>
		<qtty>15</qtty>
		<pointx>1d200-1</pointx>
		<pointy>1d200-1</pointy>
		<level>1d11</level>
	</add>
	<add id="bush2">
		<item>bush2</item>
		<qtty>15</qtty>
		<pointx>1d200-1</pointx>
		<pointy>1d200-1</pointy>
		<level>1d11</level>
	</add>
	<add id="junglebush">
		<item>junglebush</item>
		<qtty>150</qtty>
		<pointx>1d200-1</pointx>
		<pointy>1d200-1</pointy>
		<level>1d11</level>
	</add>
	<add id="bushapple">
		<item>bushapple</item>
		<qtty>5</qtty>
		<pointx>1d200-1</pointx>
		<pointy>1d200-1</pointy>
		<level>1d11</level>
	</add>
	<add id="bushpear">
		<item>bushpear</item>
		<qtty>5</qtty>
		<pointx>1d200-1</pointx>
		<pointy>1d200-1</pointy>
		<level>1d11</level>
	</add>
	<add id="bushbanana">
		<item>bushbanana</item>
		<qtty>5</qtty>
		<pointx>1d200-1</pointx>
		<pointy>1d200-1</pointy>
		<level>1d11</level>
	</add>
	<add id="sproutblueradish">
		<item>sproutblueradish</item>
		<qtty>5</qtty>
		<pointx>1d200-1</pointx>
		<pointy>1d200-1</pointy>
		<level>1d11</level>
	</add>
	<add id="mushroom">
		<item>mushroom</item>
		<qtty>35</qtty>
		<pointx>1d200-1</pointx>
		<pointy>1d200-1</pointy>
		<level>1d11</level>
	</add>
	<add id="browniehouse">
		<item>browniehouse</item>
		<qtty>20</qtty>
		<pointx>1d200-1</pointx>
		<pointy>1d200-1</pointy>
		<level>1d11</level>

	</add>

	<add id="junglefence">
		<item>junglefence</item>
		<qtty>4000</qtty>
		<pointx>1d200-1</pointx>
		<pointy>1d200-1</pointy>
		<level>1d11</level>
	</add>

	<add id="jungledoor">
		<item>jungledoor</item>
		<qtty>4000</qtty>
		<pointx>1d200-1</pointx>
		<pointy>1d200-1</pointy>
		<level>1d11</level>
	</add>

	<add id="totem">
		<item>totem</item>
		<qtty>3</qtty>
		<pointx>1d200-1</pointx>
		<pointy>1d200-1</pointy>
		<level>1d11</level>
	</add>

	<add id="planttrap">
		<item>planttrap</item>
		<qtty>25</qtty>
		<pointx>1d200-1</pointx>
		<pointy>1d200-1</pointy>
		<level>1d11</level>
	</add>

	<add id="wildsugarcane">
		<item>wildsugarcane</item>
		<qtty>55</qtty>
		<pointx>1d200-1</pointx>
		<pointy>1d200-1</pointy>
		<level>1d11</level>
	</add>

	<add id="wildbamboo">
		<item>wildbamboo</item>
		<qtty>55</qtty>
		<pointx>1d200-1</pointx>
		<pointy>1d200-1</pointy>
		<level>1d11</level>
	</add>
</gen_items>
