<?xml version="1.0" encoding="UTF-8"?>
<gen_map>
	<init id="init">
		<numLevelsOutside>12</numLevelsOutside>
		<numLevelsUnderground>20</numLevelsUnderground>
		<mainTerrain>jungle,dirt,dungeon3,stone</mainTerrain>
		<numCitizens>11</numCitizens>
		<startingLevel>11</startingLevel>
	</init>

	<!-- 1 jungle seed -->
	<seed id="seedjungle">
		<type>jungle</type>
		<num>15</num>
		<level>12</level>
		<turns>70</turns>

		<northPCT>85</northPCT>
		<southPCT>85</southPCT>
		<eastPCT>85</eastPCT>
		<westPCT>85</westPCT>
	</seed>


	<!-- 10 dungeon3 seeds -->
	<seed id="seeddungeon3">
		<type>dungeon3</type>
		<num>10</num>
		<level>1d2+13</level>
		<turns>50</turns>

		<northPCT>100</northPCT>
		<southPCT>100</southPCT>
		<eastPCT>100</eastPCT>
		<westPCT>100</westPCT>
		<upPCT>0</upPCT>
		<downPCT>8</downPCT>
	</seed>

	<!-- 80 stone seeds -->
	<seed id="seedstone">
		<type>stone</type>
		<num>120</num>
		<turns>50</turns>
		<level>1d3+15</level>

		<northPCT>6</northPCT>
		<southPCT>6</southPCT>
		<eastPCT>6</eastPCT>
		<westPCT>6</westPCT>
		<upPCT>4</upPCT>
		<downPCT>5</downPCT>
	</seed>

	<!-- 8 dense stone seeds -->
	<seed id="seeddensestone">
		<type>densestone</type>
		<num>12</num>
		<level>1d7+23</level>
		<turns>20</turns>

		<northPCT>6</northPCT>
		<southPCT>6</southPCT>
		<eastPCT>6</eastPCT>
		<westPCT>6</westPCT>
		<upPCT>1</upPCT>
		<downPCT>5</downPCT>
	</seed>

	<!-- 8 coal seeds -->
	<seed id="seedcoal">
		<type>coal</type>
		<num>12</num>
		<level>1d7+18</level>
		<turns>50</turns>

		<northPCT>6</northPCT>
		<southPCT>6</southPCT>
		<eastPCT>6</eastPCT>
		<westPCT>6</westPCT>
		<upPCT>4</upPCT>
		<downPCT>5</downPCT>
	</seed>

	<!-- 8 iron seeds -->
	<seed id="seediron">
		<type>iron</type>
		<num>12</num>
		<level>1d9+19</level>
		<turns>50</turns>

		<northPCT>6</northPCT>
		<southPCT>6</southPCT>
		<eastPCT>6</eastPCT>
		<westPCT>6</westPCT>
		<upPCT>4</upPCT>
		<downPCT>5</downPCT>
	</seed>

	<!-- 8 copper seeds -->
	<seed id="seedcopper">
		<type>copper</type>
		<num>12</num>
		<level>1d9+19</level>
		<turns>50</turns>

		<northPCT>6</northPCT>
		<southPCT>6</southPCT>
		<eastPCT>6</eastPCT>
		<westPCT>6</westPCT>
		<upPCT>4</upPCT>
		<downPCT>5</downPCT>
	</seed>

	<!-- 3 gold seeds , very rare -->
	<seed id="seedgold">
		<type>gold</type>
		<num>5</num>
		<level>1d6+22</level>
		<turns>20</turns>

		<northPCT>6</northPCT>
		<southPCT>6</southPCT>
		<eastPCT>6</eastPCT>
		<westPCT>6</westPCT>
		<upPCT>2</upPCT>
		<downPCT>5</downPCT>
	</seed>

	<!-- 4 silver seeds, pretty rare -->
	<seed id="seedsilver">
		<type>silver</type>
		<num>6</num>
		<level>1d6+22</level>
		<turns>30</turns>

		<northPCT>6</northPCT>
		<southPCT>6</southPCT>
		<eastPCT>6</eastPCT>
		<westPCT>6</westPCT>
		<upPCT>2</upPCT>
		<downPCT>5</downPCT>
	</seed>

	<!-- 7 gravel seeds -->
	<seed id="seedgravel">
		<type>gravel</type>
		<num>10</num>
		<level>1d7+16</level>
		<turns>40</turns>

		<northPCT>6</northPCT>
		<southPCT>6</southPCT>
		<eastPCT>6</eastPCT>
		<westPCT>6</westPCT>
		<upPCT>5</upPCT>
		<downPCT>3</downPCT>
	</seed>


	<!-- 2 brownie village seeds -->
	<seed id="seedbrownievillage">
		<type>brownievillage</type>
		<num>2</num>
		<level>12</level>
		<turns>15</turns>
		<northPCT>35</northPCT>
		<southPCT>35</southPCT>
		<eastPCT>35</eastPCT>
		<westPCT>35</westPCT>
	</seed>

	<!-- river -->
	<bezier id="bezierwater">
		<!-- At the moment _WATER_ and _LAVA_ are special types, hardcoded in-game, NOT in terrain.xml -->
		<type>_WATER_INF_</type>
		<level>12</level>
		<depth>2</depth>
		<wide>1d5+4</wide>

		<!-- First Bezier point -->
		<point1_x_min>0</point1_x_min>
		<point1_x_max>200</point1_x_max>
		<point1_y_min>-200</point1_y_min>
		<point1_y_max>-100</point1_y_max>

		<!-- Second Bezier point -->
		<point2_x_min>0</point2_x_min>
		<point2_x_max>200</point2_x_max>
		<point2_y_min>300</point2_y_min>
		<point2_y_max>400</point2_y_max>

		<!-- First Bezier control point -->
		<controlpoint1_x_min>-200</controlpoint1_x_min>
		<controlpoint1_x_max>0</controlpoint1_x_max>
		<controlpoint1_y_min>200</controlpoint1_y_min>
		<controlpoint1_y_max>200</controlpoint1_y_max>

		<!-- Second Bezier control point -->
		<controlpoint2_x_min>200</controlpoint2_x_min>
		<controlpoint2_x_max>400</controlpoint2_x_max>
		<controlpoint2_y_min>0</controlpoint2_y_min>
		<controlpoint2_y_max>0</controlpoint2_y_max>
	</bezier>


	<!-- mountain seeds -->
	<heightSeed id="heightseed1">
		<num>6</num>
		<turns>25</turns>
		<flatsBetweenLevels>1</flatsBetweenLevels>

		<northPCT>45</northPCT>
		<southPCT>45</southPCT>
		<eastPCT>45</eastPCT>
		<westPCT>45</westPCT>
	</heightSeed>
	<heightSeed id="heightseed2">
		<num>6</num>
		<turns>25</turns>
		<flatsBetweenLevels>2</flatsBetweenLevels>

		<northPCT>45</northPCT>
		<southPCT>45</southPCT>
		<eastPCT>45</eastPCT>
		<westPCT>45</westPCT>
	</heightSeed>
	<heightSeed id="heightseed3">
		<num>2</num>
		<turns>25</turns>
		<flatsBetweenLevels>3</flatsBetweenLevels>

		<northPCT>45</northPCT>
		<southPCT>45</southPCT>
		<eastPCT>45</eastPCT>
		<westPCT>45</westPCT>
	</heightSeed>


	<!-- Change some grass tiles into sand tiles if water around -->
	<!-- Change some grass tiles into sand tiles if water around -->
	<change id="changesand1">
		<source>grass</source>
		<destination>sand</destination>
		<terrain>_WATER_INF_</terrain>
		<PCT>100</PCT>
		<radius>1</radius>
	</change>
	<change id="changesand2">
		<source>grass</source>
		<destination>sand</destination>
		<terrain>_WATER_INF_</terrain>
		<PCT>60</PCT>
		<radius>3</radius>
	</change>
	<change id="changesand3">
		<source>grass</source>
		<destination>sand</destination>
		<terrain>_WATER_</terrain>
		<PCT>100</PCT>
		<radius>1</radius>
	</change>
	<change id="changesand4">
		<source>grass</source>
		<destination>sand</destination>
		<terrain>_WATER_</terrain>
		<PCT>60</PCT>
		<radius>3</radius>
	</change>


	<!-- Change some jungle tiles into sand tiles if water around -->
	<change id="changesand5">
		<source>jungle</source>
		<destination>sand</destination>
		<terrain>_WATER_</terrain>
		<PCT>70</PCT>
		<radius>3</radius>
	</change>
	<change id="changesand6">
		<source>jungle</source>
		<destination>sand</destination>
		<terrain>_WATER_INF_</terrain>
		<PCT>70</PCT>
		<radius>3</radius>
	</change>

	<!-- Change some brownievillage tiles into sand tiles if water around -->
	<change id="changesand7">
		<source>brownievillage</source>
		<destination>sand</destination>
		<terrain>_WATER_</terrain>
		<PCT>70</PCT>
		<radius>3</radius>
	</change>
	<change id="changesand8">
		<source>brownievillage</source>
		<destination>sand</destination>
		<terrain>_WATER_INF_</terrain>
		<PCT>70</PCT>
		<radius>3</radius>
	</change>


	<!-- Change some grass tiles into sand tiles if sand around -->
	<change id="changesand9">
		<source>grass</source>
		<destination>sand</destination>
		<terrain>sand</terrain>
		<PCT>50</PCT>
	</change>

	<!-- Change some sand tiles into gravel tiles if water around -->
	<change id="changegravel">
		<source>sand</source>
		<destination>gravel</destination>
		<terrain>_WATER_INF_</terrain>
		<PCT>30</PCT>
		<radius>2</radius>
	</change>

	<seed id="seedjunglefrog2">
		<type>junglefrog2</type>
		<id>frogcamp</id>
		<num>1</num>
		<level>12</level>
		<turns>1</turns>
		<pointx>1d160+19</pointx>
		<pointy>1d160+19</pointy>

		<northPCT>100</northPCT>
		<southPCT>100</southPCT>
		<eastPCT>100</eastPCT>
		<westPCT>100</westPCT>
	</seed>

	<seed id="seedjunglefrog1">
		<type>junglefrog1</type>
		<startingPointID>frogcamp</startingPointID>
		<id>frogcamp1</id>
		<num>1</num>
		<level>12</level>
		<turns>20</turns>

		<northPCT>100</northPCT>
		<southPCT>100</southPCT>
		<eastPCT>100</eastPCT>
		<westPCT>100</westPCT>
	</seed>

	<seed id="seedjunglefrog3">
		<type>junglefrog2</type>
		<startingPointID>frogcamp</startingPointID>
		<id>frogcamp2</id>
		<num>1</num>
		<level>12</level>
		<turns>10</turns>

		<northPCT>100</northPCT>
		<southPCT>100</southPCT>
		<eastPCT>100</eastPCT>
		<westPCT>100</westPCT>
	</seed>


	<change id="changejunglefrog1">
		<source>junglefrog1</source>
		<destination>junglefrog3</destination>
		<terrain>jungle</terrain>
		<PCT>9</PCT>
		<radius>1</radius>
	</change>

	<change id="changejunglefrog2">
		<source>jungle</source>
		<destination>junglefrog3</destination>
		<terrain>junglefrog3</terrain>
		<PCT>100</PCT>
		<radius>1</radius>
	</change>

	<change id="changejunglefrog3">
		<source>junglefrog1</source>
		<destination>junglefrog3</destination>
		<terrain>junglefrog3</terrain>
		<PCT>100</PCT>
		<radius>1</radius>
	</change>

	<change id="changejunglefrog4">
		<source>junglefrog2</source>
		<destination>junglefrog3</destination>
		<terrain>junglefrog3</terrain>
		<PCT>100</PCT>
		<radius>1</radius>
	</change>

	<change id="changejunglefrog5">
		<source>jungle</source>
		<destination>junglefrog5</destination>
		<terrain>junglefrog3</terrain>
		<PCT>100</PCT>
		<radius>1</radius>
	</change>

	<change id="changejunglefrog6">
		<source>junglefrog2</source>
		<destination>junglefrog5</destination>
		<terrain>junglefrog3</terrain>
		<PCT>100</PCT>
		<radius>1</radius>
	</change>

	<change id="changejunglefrog7">
		<source>junglefrog1</source>
		<destination>junglefrog5</destination>
		<terrain>junglefrog3</terrain>
		<PCT>100</PCT>
		<radius>1</radius>
	</change>

	<change id="changejunglefrog8">
		<source>stone</source>
		<destination>junglefrog4</destination>
		<terrain>junglefrog3</terrain>
		<PCT>100</PCT>
		<radius>1</radius>
	</change>

	<change id="changejunglefrog9">
		<source>sand</source>
		<destination>junglefrog4</destination>
		<terrain>junglefrog3</terrain>
		<PCT>100</PCT>
		<radius>1</radius>
	</change>

	<change id="changejunglefrog10">
		<source>grass</source>
		<destination>junglefrog4</destination>
		<terrain>junglefrog3</terrain>
		<PCT>100</PCT>
		<radius>1</radius>
	</change>


	<change id="changejunglefrog11">
		<source>junglefrog5</source>
		<destination>junglefrog4</destination>
		<terrain>junglefrog5</terrain>
		<PCT>50</PCT>
		<radius>1</radius>
	</change>

	<change id="changejunglefrog12">
		<source>junglefrog5</source>
		<destination>junglefrog4</destination>
		<terrain>junglefrog5</terrain>
		<PCT>50</PCT>
		<radius>2</radius>
	</change>

	<change id="changejunglefrog13">
		<source>junglefrog5</source>
		<destination>junglefrog4</destination>
		<terrain>junglefrog5</terrain>
		<PCT>50</PCT>
		<radius>3</radius>
	</change>

	<change id="changejunglefrog14">
		<source>junglefrog5</source>
		<destination>junglefrog4</destination>
		<terrain>junglefrog5</terrain>
		<PCT>100</PCT>
		<radius>1</radius>
	</change>
</gen_map>
