<?xml version="1.0" encoding="UTF-8"?>
<gen_livingentities>
	<add id="wildcow">
		<entity>wildcow</entity>
		<qtty>5</qtty>
		<pointx>1d200-1</pointx>
		<pointy>1d200-1</pointy>
		<level>1d11</level>
	</add>
	<add id="wildsheep">
		<entity>wildsheep</entity>
		<qtty>5</qtty>
		<pointx>1d200-1</pointx>
		<pointy>1d200-1</pointy>
		<level>1d11</level>
	</add>
	<add id="bull">
		<entity>bull</entity>
		<qtty>5</qtty>
		<pointx>1d200-1</pointx>
		<pointy>1d200-1</pointy>
		<level>1d11</level>
	</add>

	<add id="wildpig">
		<entity>wildpig</entity>
		<qtty>5</qtty>
		<pointx>1d200-1</pointx>
		<pointy>1d200-1</pointy>
		<level>1d11</level>
	</add>
	<add id="boar">
		<entity>boar</entity>
		<qtty>5</qtty>
		<pointx>1d200-1</pointx>
		<pointy>1d200-1</pointy>
		<level>1d11</level>
	</add>

	<add id="werepig">
		<entity>werepig</entity>
		<qtty>1d2</qtty>
		<pointx>1d200-1</pointx>
		<pointy>1d200-1</pointy>
		<level>1d11</level>
	</add>
	<add id="wildbadger">
		<entity>wildbadger</entity>
		<qtty>5</qtty>
		<pointx>1d200-1</pointx>
		<pointy>1d200-1</pointy>
		<level>1d11</level>
	</add>
	<add id="wildsnoat">
		<entity>wildsnoat</entity>
		<qtty>75</qtty>
		<pointx>1d200-1</pointx>
		<pointy>1d200-1</pointy>
		<level>1d11</level>
	</add>
	<add id="bird">
		<entity>bird</entity>
		<qtty>40</qtty>
		<pointx>1d200-1</pointx>
		<pointy>1d200-1</pointy>
		<level>1d11</level>
	</add>

	<add id="wildchicken">
		<entity>wildchicken</entity>
		<qtty>5</qtty>
		<pointx>1d200-1</pointx>
		<pointy>1d200-1</pointy>
		<level>1d11</level>
	</add>
	<add id="rooster">
		<entity>rooster</entity>
		<qtty>5</qtty>
		<pointx>1d200-1</pointx>
		<pointy>1d200-1</pointy>
		<level>1d11</level>
	</add>

	<add id="yeti">
		<entity>yeti</entity>
		<qtty>35</qtty>
		<pointx>1d200-1</pointx>
		<pointy>1d200-1</pointy>
		<level>1d11</level>
	</add>
</gen_livingentities>
