<?xml version="1.0" encoding="UTF-8"?>
<gen_items>
	<add id="palmtree">
		<item>palmtree</item>
		<qtty>25</qtty>
		<pointx>1d200-1</pointx>
		<pointy>1d200-1</pointy>
		<level>1d11</level>
	</add>
	<add id="tree2">
		<item>tree2</item>
		<qtty>20</qtty>
		<pointx>1d200-1</pointx>
		<pointy>1d200-1</pointy>
		<level>1d11</level>
	</add>
	<add id="peartree">
		<item>peartree</item>
		<qtty>15</qtty>
		<pointx>1d200-1</pointx>
		<pointy>1d200-1</pointy>
		<level>1d11</level>
	</add>
	<add id="appletree">
		<item>appletree</item>
		<qtty>15</qtty>
		<pointx>1d200-1</pointx>
		<pointy>1d200-1</pointy>
		<level>1d11</level>
	</add>
	<add id="snowtree">
		<item>snowtree</item>
		<qtty>700</qtty>
		<pointx>1d200-1</pointx>
		<pointy>1d200-1</pointy>
		<level>1d11</level>
	</add>

	<add id="snowcherrytree">
		<item>snowcherrytree</item>
		<qtty>60</qtty>
		<pointx>1d200-1</pointx>
		<pointy>1d200-1</pointy>
		<level>1d11</level>
	</add>

	<add id="bush2">
		<item>bush2</item>
		<qtty>20</qtty>
		<pointx>1d200-1</pointx>
		<pointy>1d200-1</pointy>
		<level>1d11</level>
	</add>

	<add id="snowbush">
		<item>snowbush</item>
		<qtty>35</qtty>
		<pointx>1d200-1</pointx>
		<pointy>1d200-1</pointy>
		<level>1d11</level>
	</add>

	<add id="bushapple">
		<item>bushapple</item>
		<qtty>5</qtty>
		<pointx>1d200-1</pointx>
		<pointy>1d200-1</pointy>
		<level>1d11</level>
	</add>
	<add id="bushsnowcherry">
		<item>bushsnowcherry</item>
		<qtty>5</qtty>
		<pointx>1d200-1</pointx>
		<pointy>1d200-1</pointy>
		<level>1d11</level>
	</add>
	<add id="snowpile">
		<item>snowpile</item>
		<qtty>5d5</qtty>
		<pointx>1d200-1</pointx>
		<pointy>1d200-1</pointy>
		<level>1d11</level>
	</add>


	<add id="bushpear">
		<item>bushpear</item>
		<qtty>5</qtty>
		<pointx>1d200-1</pointx>
		<pointy>1d200-1</pointy>
		<level>1d11</level>
	</add>
	<add id="mushroom">
		<item>mushroom</item>
		<qtty>35</qtty>
		<pointx>1d200-1</pointx>
		<pointy>1d200-1</pointy>
		<level>1d11</level>
	</add>
	<add id="cavemushroom">
		<item>cavemushroom</item>
		<qtty>25</qtty>
		<pointx>1d200-1</pointx>
		<pointy>1d200-1</pointy>
		<level>1d11</level>
	</add>
	<add id="redflower">
		<item>redflower</item>
		<qtty>15</qtty>
		<pointx>1d200-1</pointx>
		<pointy>1d200-1</pointy>
		<level>1d11</level>
	</add>

	<add id="blueflower">
		<item>blueflower</item>
		<qtty>15</qtty>
		<pointx>1d200-1</pointx>
		<pointy>1d200-1</pointy>
		<level>1d11</level>
	</add>

	<add id="yellowflower">
		<item>yellowflower</item>
		<qtty>15</qtty>
		<pointx>1d200-1</pointx>
		<pointy>1d200-1</pointy>
		<level>1d11</level>
	</add>
	<add id="wildwheat">
		<item>wildwheat</item>
		<qtty>25</qtty>
		<pointx>1d200-1</pointx>
		<pointy>1d200-1</pointy>
		<level>1d11</level>
	</add>
	<add id="wildsugarcane">
		<item>wildsugarcane</item>
		<qtty>25</qtty>
		<pointx>1d200-1</pointx>
		<pointy>1d200-1</pointy>
		<level>1d11</level>
	</add>
	<add id="wildbamboo">
		<item>wildbamboo</item>
		<qtty>55</qtty>
		<pointx>1d200-1</pointx>
		<pointy>1d200-1</pointy>
		<level>1d11</level>
	</add>
</gen_items>
